,text,location,polarity_score,polarity,sentiment,label,word count,tokens,no_stoppers
0,#PopeFrancis expresses his nearness to the people of #Brazil in a telephone call to the Archbishop of Aparecida. #coronavi‚Ä¶,in spaces,0.0,neutral,"{'neg': 0.0, 'neu': 1.0, 'pos': 0.0, 'compound': 0.0}",-1,19,"['popefrancis', 'expresses', 'nearness', 'people', 'brazil', 'telephone', 'call', 'archbishop', 'aparecida', 'coronavi‚Ä¶']","['popefrancis', 'expresses', 'nearness', 'people', 'brazil', 'telephone', 'call', 'archbishop', 'aparecida', 'coronavi‚Ä¶']"
1,‚ÄúPost‚Äù?We are *in the midst* of the 1st wave of the #CoronavirusPandemic with 19 states now reporting a spike in new #‚Ä¶,,0.13636363636363635,positive,"{'neg': 0.0, 'neu': 1.0, 'pos': 0.0, 'compound': 0.0}",1,22,"['‚Äúpost‚Äùwe', 'midst', '1st', 'wave', 'coronaviruspandemic', '19', 'states', 'reporting', 'spike', 'new', '‚Ä¶']","['‚Äúpost‚Äùwe', 'midst', '1st', 'wave', 'coronaviruspandemic', '19', 'states', 'reporting', 'spike', 'new']"
2,#COVID19 | Moderna to start final testing stage of #coronavirus vaccine in July ‚Ä¶,India,0.0,neutral,"{'neg': 0.0, 'neu': 1.0, 'pos': 0.0, 'compound': 0.0}",-1,14,"['covid19', 'moderna', 'start', 'final', 'testing', 'stage', 'coronavirus', 'vaccine', 'july', '‚Ä¶']","['covid19', 'moderna', 'start', 'final', 'testing', 'stage', 'coronavirus', 'vaccine', 'july']"
3,What a complete moron ü§¶‚Äç‚ôÇÔ∏è #COVIDIOTS #COVID„Éº19 #Coronavirus #CoronaCrisis,,-0.35000000000000003,negative,"{'neg': 0.314, 'neu': 0.686, 'pos': 0.0, 'compound': -0.4939}",0,9,"['complete', 'moron', 'ü§¶\u200d‚ôÇÔ∏è', 'covidiots', 'covid„Éº19', 'coronavirus', 'coronacrisis']","['complete', 'moron', 'ü§¶\u200d‚ôÇÔ∏è', 'covidiots', 'covid„Éº19', 'coronavirus', 'coronacrisis']"
4,I‚Äôm actually someone that does believe #coronavirus is a real thing.,Florida ,0.1,positive,"{'neg': 0.0, 'neu': 1.0, 'pos': 0.0, 'compound': 0.0}",1,11,"['i‚Äôm', 'actually', 'someone', 'believe', 'coronavirus', 'real', 'thing']","['i‚Äôm', 'actually', 'someone', 'believe', 'coronavirus', 'real', 'thing']"
5,This is still the first wave. We are still in the first wave. Others can debate whether we should accept 1000 deaths‚Ä¶,,0.25,positive,"{'neg': 0.0, 'neu': 0.89, 'pos': 0.11, 'compound': 0.3818}",1,22,"['still', 'first', 'wave', 'still', 'first', 'wave', 'others', 'debate', 'whether', 'accept', '1000', 'deaths‚Ä¶']","['still', 'first', 'wave', 'still', 'first', 'wave', 'others', 'debate', 'whether', 'accept', '1000', 'deaths‚Ä¶']"
6,A high-tech twist for #Taiwan's new life post #Coronavirus! A shuttle bus with 5G mobile internet is being tested betw‚Ä¶,Taiwan,0.17045454545454544,positive,"{'neg': 0.0, 'neu': 1.0, 'pos': 0.0, 'compound': 0.0}",1,20,"['hightech', 'twist', 'taiwans', 'new', 'life', 'post', 'coronavirus', 'shuttle', 'bus', '5g', 'mobile', 'internet', 'tested', 'betw‚Ä¶']","['hightech', 'twist', 'taiwans', 'new', 'life', 'post', 'coronavirus', 'shuttle', 'bus', '5g', 'mobile', 'internet', 'tested', 'betw‚Ä¶']"
7,"Coronavirus (Covid-19) : India's tally crosses 2.85 lakh, death toll at 8,102. Over 7 billion infected worldwide. A‚Ä¶","Noida, India",0.0,neutral,"{'neg': 0.336, 'neu': 0.664, 'pos': 0.0, 'compound': -0.7964}",-1,18,"['coronavirus', 'covid19', 'indias', 'tally', 'crosses', '285', 'lakh', 'death', 'toll', '8102', '7', 'billion', 'infected', 'worldwide', 'a‚Ä¶']","['coronavirus', 'covid19', 'indias', 'tally', 'crosses', '285', 'lakh', 'death', 'toll', '8102', '7', 'billion', 'infected', 'worldwide', 'a‚Ä¶']"
8,"Fauci's NIAID funded a study on Bat #Coronavirus, which was a project that included scientists at the #Wuhan Institute of Vi‚Ä¶",,0.0,neutral,"{'neg': 0.0, 'neu': 1.0, 'pos': 0.0, 'compound': 0.0}",-1,21,"['faucis', 'niaid', 'funded', 'study', 'bat', 'coronavirus', 'project', 'included', 'scientists', 'wuhan', 'institute', 'vi‚Ä¶']","['faucis', 'niaid', 'funded', 'study', 'bat', 'coronavirus', 'project', 'included', 'scientists', 'wuhan', 'institute', 'vi‚Ä¶']"
9,Two-metre distance more effective than one at curbing Covid-19 spread ‚Äì study.#coronavirus disease 2019‚Ä¶,United Kingdom,0.55,positive,"{'neg': 0.0, 'neu': 0.78, 'pos': 0.22, 'compound': 0.5256}",1,14,"['twometre', 'distance', 'effective', 'one', 'curbing', 'covid19', 'spread', '‚Äì', 'studycoronavirus', 'disease', '2019‚Ä¶']","['twometre', 'distance', 'effective', 'one', 'curbing', 'covid19', 'spread', '‚Äì', 'studycoronavirus', 'disease', '2019‚Ä¶']"
10,"""Shehbaz Sharif is a cancer survivor and is among the most vulnerable groups to the virus. He is currently isolating at h‚Ä¶",Lahore,0.0,neutral,"{'neg': 0.243, 'neu': 0.664, 'pos': 0.092, 'compound': -0.624}",-1,22,"['shehbaz', 'sharif', 'cancer', 'survivor', 'among', 'vulnerable', 'groups', 'virus', 'currently', 'isolating', 'h‚Ä¶']","['shehbaz', 'sharif', 'cancer', 'survivor', 'among', 'vulnerable', 'groups', 'currently', 'isolating', 'h‚Ä¶']"
11,The United States has surpassed 2 MILLION #coronavirus cases.It took the U.S. nearly 3 months to officially hit 1 MILL‚Ä¶,,0.1,positive,"{'neg': 0.0, 'neu': 0.851, 'pos': 0.149, 'compound': 0.4215}",1,20,"['united', 'states', 'surpassed', '2', 'million', 'coronavirus', 'casesit', 'took', 'us', 'nearly', '3', 'months', 'officially', 'hit', '1', 'mill‚Ä¶']","['united', 'states', 'surpassed', '2', 'million', 'coronavirus', 'casesit', 'took', 'us', 'nearly', '3', 'months', 'officially', 'hit', '1', 'mill‚Ä¶']"
12,Researchers have determined that vaccines based on the receptor-binding domain of #SARSCoV2 ‚Äì the virus that causes #C‚Ä¶,"Nalbari, Assam",0.0,neutral,"{'neg': 0.0, 'neu': 0.87, 'pos': 0.13, 'compound': 0.34}",-1,18,"['researchers', 'determined', 'vaccines', 'based', 'receptorbinding', 'domain', 'sarscov2', '‚Äì', 'virus', 'causes', 'c‚Ä¶']","['researchers', 'determined', 'vaccines', 'based', 'receptorbinding', 'domain', 'sarscov2', '‚Äì', 'causes', 'c‚Ä¶']"
13,#COVID19 | Moderna to start final testing stage of #coronavirus vaccine in July ‚Ä¶,"Chennai, Tamil Nadu",0.0,neutral,"{'neg': 0.0, 'neu': 1.0, 'pos': 0.0, 'compound': 0.0}",-1,14,"['covid19', 'moderna', 'start', 'final', 'testing', 'stage', 'coronavirus', 'vaccine', 'july', '‚Ä¶']","['covid19', 'moderna', 'start', 'final', 'testing', 'stage', 'coronavirus', 'vaccine', 'july']"
14,Lockdown start date: 23 March üîí Travel quarantine measures start date: 8 June ‚úàÔ∏è If the Government knew the UK was‚Ä¶,"Sheffield, England",0.0,neutral,"{'neg': 0.0, 'neu': 1.0, 'pos': 0.0, 'compound': 0.0}",-1,21,"['lockdown', 'start', 'date', '23', 'march', 'üîí', 'travel', 'quarantine', 'measures', 'start', 'date', '8', 'june', '‚úàÔ∏è', 'government', 'knew', 'uk', 'was‚Ä¶']","['lockdown', 'start', 'date', '23', 'march', 'üîí', 'travel', 'quarantine', 'measures', 'start', 'date', '8', 'june', '‚úàÔ∏è', 'government', 'knew', 'uk', 'was‚Ä¶']"
15,"Coronavirus Update:‚ò£Ô∏èÔ∏è Total cases: 7,475,209 (+13,936) ‚ò£Ô∏èÔ∏è‚ö†Ô∏è Current cases: 3,265,616 (+3,433) ‚ö†Ô∏è‚ö∞Ô∏è Deaths: 419,320 (+248)‚Ä¶",Mirkovo,0.0,neutral,"{'neg': 0.0, 'neu': 1.0, 'pos': 0.0, 'compound': 0.0}",-1,15,"['coronavirus', 'update‚ò£Ô∏èÔ∏è', 'total', 'cases', '7475209', '13936', '‚ò£Ô∏èÔ∏è‚ö†Ô∏è', 'current', 'cases', '3265616', '3433', '‚ö†Ô∏è‚ö∞Ô∏è', 'deaths', '419320', '248‚Ä¶']","['coronavirus', 'update‚ò£Ô∏èÔ∏è', 'total', 'cases', '7475209', '13936', '‚ò£Ô∏èÔ∏è‚ö†Ô∏è', 'current', 'cases', '3265616', '3433', '‚ö†Ô∏è‚ö∞Ô∏è', 'deaths', '419320', '248‚Ä¶']"
16,#Covid19Update: #Uttarakhand Health Bulletin on Novel #Coronavirus as on 11.06.2020 #IndiaFightsCorona#StaySafe‚Ä¶,"Dehradun, India",0.0,neutral,"{'neg': 0.0, 'neu': 0.813, 'pos': 0.187, 'compound': 0.3182}",-1,11,"['covid19update', 'uttarakhand', 'health', 'bulletin', 'novel', 'coronavirus', '11062020', 'indiafightscoronastaysafe‚Ä¶']","['covid19update', 'uttarakhand', 'health', 'bulletin', 'novel', 'coronavirus', '11062020', 'indiafightscoronastaysafe‚Ä¶']"
17,Seems like only medicine and alcohol shops are implementing social distancing since last 2-3 days. It's free for al‚Ä¶,NowHere,0.10833333333333334,positive,"{'neg': 0.0, 'neu': 0.746, 'pos': 0.254, 'compound': 0.7003}",1,19,"['seems', 'like', 'medicine', 'alcohol', 'shops', 'implementing', 'social', 'distancing', 'since', 'last', '23', 'days', 'free', 'al‚Ä¶']","['seems', 'like', 'medicine', 'alcohol', 'shops', 'implementing', 'social', 'distancing', 'since', 'last', '23', 'days', 'free', 'al‚Ä¶']"
18,#bhayander west bhaji market at morning 6am #coronavirus,"‡§Æ‡•Å‡§Ç‡§¨‡§à, ‡§≠‡§æ‡§∞‡§§",0.0,neutral,"{'neg': 0.0, 'neu': 1.0, 'pos': 0.0, 'compound': 0.0}",-1,8,"['bhayander', 'west', 'bhaji', 'market', 'morning', '6am', 'coronavirus']","['bhayander', 'west', 'bhaji', 'market', 'morning', '6am', 'coronavirus']"
19,words express but poetry liberates - *** acclaimed and well received *** #poem collection#menta‚Ä¶,,0.0,neutral,"{'neg': 0.0, 'neu': 0.819, 'pos': 0.181, 'compound': 0.3919}",-1,14,"['words', 'express', 'poetry', 'liberates', 'acclaimed', 'well', 'received', 'poem', 'collectionmenta‚Ä¶']","['words', 'express', 'poetry', 'liberates', 'acclaimed', 'well', 'received', 'poem', 'collectionmenta‚Ä¶']"
20,"The #coronavirus pandemic is spiking across 21 #states, with #hospitals from coast to coast being overwhelmed once again as c‚Ä¶",ÏãúÎìúÎãà,0.0,neutral,"{'neg': 0.0, 'neu': 0.941, 'pos': 0.059, 'compound': 0.0516}",-1,20,"['coronavirus', 'pandemic', 'spiking', 'across', '21', 'states', 'hospitals', 'coast', 'coast', 'overwhelmed', 'c‚Ä¶']","['coronavirus', 'pandemic', 'spiking', 'across', '21', 'states', 'hospitals', 'coast', 'coast', 'overwhelmed', 'c‚Ä¶']"
21,Can I sue you if my 98 year old Mother whose in a nursing home contract #coronavirus #COVID19? #ExecutiveOrder.‚Ä¶,,0.1,positive,"{'neg': 0.0, 'neu': 1.0, 'pos': 0.0, 'compound': 0.0}",1,19,"['sue', '98', 'year', 'old', 'mother', 'whose', 'nursing', 'home', 'contract', 'coronavirus', 'covid19', 'executiveorder‚Ä¶']","['sue', '98', 'year', 'old', 'mother', 'whose', 'nursing', 'home', 'contract', 'coronavirus', 'covid19', 'executiveorder‚Ä¶']"
22,Lockdown start date: 23 March üîí Travel quarantine measures start date: 8 June ‚úàÔ∏è If the Government knew the UK was‚Ä¶,"Colchester, England",0.0,neutral,"{'neg': 0.0, 'neu': 1.0, 'pos': 0.0, 'compound': 0.0}",-1,21,"['lockdown', 'start', 'date', '23', 'march', 'üîí', 'travel', 'quarantine', 'measures', 'start', 'date', '8', 'june', '‚úàÔ∏è', 'government', 'knew', 'uk', 'was‚Ä¶']","['lockdown', 'start', 'date', '23', 'march', 'üîí', 'travel', 'quarantine', 'measures', 'start', 'date', '8', 'june', '‚úàÔ∏è', 'government', 'knew', 'uk', 'was‚Ä¶']"
23,"As the cases of #coronavirus is rising so is the risk, tension, anxiety, and depression among people. should c‚Ä¶","ÿßŸà⁄©ÿß⁄ë€Å, Ÿæÿß⁄©ÿ≥ÿ™ÿßŸÜ",0.0,neutral,"{'neg': 0.402, 'neu': 0.598, 'pos': 0.0, 'compound': -0.8428}",-1,19,"['cases', 'coronavirus', 'rising', 'risk', 'tension', 'anxiety', 'depression', 'among', 'people', 'c‚Ä¶']","['cases', 'coronavirus', 'rising', 'risk', 'tension', 'anxiety', 'depression', 'among', 'people', 'c‚Ä¶']"
24,"Outbreaks of the #coronavirus are emerging at U.S. fruit and vegetable farms and packing plants, and could lead to‚Ä¶",Canada,0.0,neutral,"{'neg': 0.0, 'neu': 1.0, 'pos': 0.0, 'compound': 0.0}",-1,19,"['outbreaks', 'coronavirus', 'emerging', 'us', 'fruit', 'vegetable', 'farms', 'packing', 'plants', 'could', 'lead', 'to‚Ä¶']","['outbreaks', 'coronavirus', 'emerging', 'us', 'fruit', 'vegetable', 'farms', 'packing', 'plants', 'could', 'lead', 'to‚Ä¶']"
25,So Trump is coming to Dallas today.üò≥ Texas is soaring in #coronavirus cases by the day since opening up stores and r‚Ä¶,"Plano, TX",0.0,neutral,"{'neg': 0.0, 'neu': 1.0, 'pos': 0.0, 'compound': 0.0}",-1,22,"['trump', 'coming', 'dallas', 'todayüò≥', 'texas', 'soaring', 'coronavirus', 'cases', 'day', 'since', 'opening', 'stores', 'r‚Ä¶']","['trump', 'coming', 'dallas', 'todayüò≥', 'texas', 'soaring', 'coronavirus', 'cases', 'day', 'since', 'opening', 'stores', 'r‚Ä¶']"
26,"Forget the #coronavirus. Somebody, PLEASE develop a vaccine for white guilt!#WeveGotACountryToSave",,0.0,neutral,"{'neg': 0.144, 'neu': 0.605, 'pos': 0.251, 'compound': 0.3453}",-1,11,"['forget', 'coronavirus', 'somebody', 'please', 'develop', 'vaccine', 'white', 'guiltwevegotacountrytosave']","['forget', 'coronavirus', 'somebody', 'please', 'develop', 'vaccine', 'white', 'guiltwevegotacountrytosave']"
27,This is still the first wave. We are still in the first wave. Others can debate whether we should accept 1000 deaths‚Ä¶,"Boston, MA",0.25,positive,"{'neg': 0.0, 'neu': 0.89, 'pos': 0.11, 'compound': 0.3818}",1,22,"['still', 'first', 'wave', 'still', 'first', 'wave', 'others', 'debate', 'whether', 'accept', '1000', 'deaths‚Ä¶']","['still', 'first', 'wave', 'still', 'first', 'wave', 'others', 'debate', 'whether', 'accept', '1000', 'deaths‚Ä¶']"
28,#Egypt slightly shortens #coronavirus #curfew to end at 4 am starting Sunday,,-0.08333333333333333,negative,"{'neg': 0.0, 'neu': 1.0, 'pos': 0.0, 'compound': 0.0}",0,12,"['egypt', 'slightly', 'shortens', 'coronavirus', 'curfew', 'end', '4', 'starting', 'sunday']","['egypt', 'slightly', 'shortens', 'coronavirus', 'curfew', 'end', '4', 'starting', 'sunday']"
29,May is the greenest month üå±Why? Britain‚Äôs electricity system ran without coal power for all 31 days of May this year üôå W‚Ä¶,,0.0,neutral,"{'neg': 0.0, 'neu': 1.0, 'pos': 0.0, 'compound': 0.0}",-1,23,"['may', 'greenest', 'month', 'üå±why', 'britain‚Äôs', 'electricity', 'system', 'ran', 'without', 'coal', 'power', '31', 'days', 'may', 'year', 'üôå', 'w‚Ä¶']","['may', 'greenest', 'month', 'üå±why', 'britain‚Äôs', 'electricity', 'system', 'ran', 'without', 'coal', 'power', '31', 'days', 'may', 'year', 'üôå', 'w‚Ä¶']"
30,"#ShahbazSharif tests POSITIVE for #coronavirus Now, all of the PMLN workers who were brought to ""escort"" him &amp; the Po‚Ä¶",,0.22727272727272727,positive,"{'neg': 0.0, 'neu': 0.814, 'pos': 0.186, 'compound': 0.6523}",1,20,"['shahbazsharif', 'tests', 'positive', 'coronavirus', 'pmln', 'workers', 'brought', 'escort', 'amp', 'po‚Ä¶']","['shahbazsharif', 'tests', 'positive', 'coronavirus', 'pmln', 'workers', 'brought', 'escort', 'amp', 'po‚Ä¶']"
31,This is still the first wave. We are still in the first wave. Others can debate whether we should accept 1000 deaths‚Ä¶,"Fuquay-Varina, NC",0.25,positive,"{'neg': 0.0, 'neu': 0.89, 'pos': 0.11, 'compound': 0.3818}",1,22,"['still', 'first', 'wave', 'still', 'first', 'wave', 'others', 'debate', 'whether', 'accept', '1000', 'deaths‚Ä¶']","['still', 'first', 'wave', 'still', 'first', 'wave', 'others', 'debate', 'whether', 'accept', '1000', 'deaths‚Ä¶']"
32,#coronavirus nonsense #wakeUp #vote replace #controlThePeople attitude getting expo‚Ä¶,bay area,0.0,neutral,"{'neg': 0.252, 'neu': 0.748, 'pos': 0.0, 'compound': -0.4019}",-1,9,"['coronavirus', 'nonsense', 'wakeup', 'vote', 'replace', 'controlthepeople', 'attitude', 'getting', 'expo‚Ä¶']","['coronavirus', 'nonsense', 'wakeup', 'vote', 'replace', 'controlthepeople', 'attitude', 'getting', 'expo‚Ä¶']"
33,"Today's session organised by #STPIPulse #STPIMedTechCoE on ""AI for Wellbeing"" was good and very informative. ‚Ä¶",,0.44999999999999996,positive,"{'neg': 0.0, 'neu': 0.828, 'pos': 0.172, 'compound': 0.4404}",1,16,"['todays', 'session', 'organised', 'stpipulse', 'stpimedtechcoe', 'ai', 'wellbeing', 'good', 'informative', '‚Ä¶']","['todays', 'session', 'organised', 'stpipulse', 'stpimedtechcoe', 'ai', 'wellbeing', 'good', 'informative']"
34,In parallell of the discussion of #corona as biological agent there's an agreement that high standards of occupatio‚Ä¶,"Brussels, Belgium",0.16,positive,"{'neg': 0.0, 'neu': 0.842, 'pos': 0.158, 'compound': 0.4939}",1,18,"['parallell', 'discussion', 'corona', 'biological', 'agent', 'theres', 'agreement', 'high', 'standards', 'occupatio‚Ä¶']","['parallell', 'discussion', 'biological', 'agent', 'theres', 'agreement', 'high', 'standards', 'occupatio‚Ä¶']"
35,This is still the first wave. We are still in the first wave. Others can debate whether we should accept 1000 deaths‚Ä¶,,0.25,positive,"{'neg': 0.0, 'neu': 0.89, 'pos': 0.11, 'compound': 0.3818}",1,22,"['still', 'first', 'wave', 'still', 'first', 'wave', 'others', 'debate', 'whether', 'accept', '1000', 'deaths‚Ä¶']","['still', 'first', 'wave', 'still', 'first', 'wave', 'others', 'debate', 'whether', 'accept', '1000', 'deaths‚Ä¶']"
36,The United States has surpassed 2 MILLION #coronavirus cases.It took the U.S. nearly 3 months to officially hit 1 MILL‚Ä¶,,0.1,positive,"{'neg': 0.0, 'neu': 0.851, 'pos': 0.149, 'compound': 0.4215}",1,20,"['united', 'states', 'surpassed', '2', 'million', 'coronavirus', 'casesit', 'took', 'us', 'nearly', '3', 'months', 'officially', 'hit', '1', 'mill‚Ä¶']","['united', 'states', 'surpassed', '2', 'million', 'coronavirus', 'casesit', 'took', 'us', 'nearly', '3', 'months', 'officially', 'hit', '1', 'mill‚Ä¶']"
37,We're standing on the brink of the worst food crisis in 50 years: #coronavirus #GlobalCeasefire ‚Ä¶,"Porto Alegre, Brazil",-1.0,negative,"{'neg': 0.387, 'neu': 0.613, 'pos': 0.0, 'compound': -0.8481}",0,16,"['standing', 'brink', 'worst', 'food', 'crisis', '50', 'years', 'coronavirus', 'globalceasefire', '‚Ä¶']","['standing', 'brink', 'worst', 'food', 'crisis', '50', 'years', 'coronavirus', 'globalceasefire']"
38,TOP SELLERS#irish Face mask.#coronavirus #Ireland #backtoworksafely #COVID19,Ireland,0.5,positive,"{'neg': 0.0, 'neu': 0.703, 'pos': 0.297, 'compound': 0.368}",1,7,"['top', 'sellersirish', 'face', 'maskcoronavirus', 'ireland', 'backtoworksafely', 'covid19']","['top', 'sellersirish', 'face', 'maskcoronavirus', 'ireland', 'backtoworksafely', 'covid19']"
39,Blue Lake #Naltar #Nomal #GilgitBaltistan #Pakistan Website: Facebook: ‚Ä¶,,0.0,neutral,"{'neg': 0.0, 'neu': 1.0, 'pos': 0.0, 'compound': 0.0}",-1,9,"['blue', 'lake', 'naltar', 'nomal', 'gilgitbaltistan', 'pakistan', 'website', 'facebook', '‚Ä¶']","['blue', 'lake', 'naltar', 'nomal', 'gilgitbaltistan', 'pakistan', 'website', 'facebook']"
40,CEO Neil Ogilvie writes for the on the Painting &amp; Decorating Association's engagement programme and how #coronavirus ha‚Ä¶,On all good trade counters,0.0,neutral,"{'neg': 0.0, 'neu': 0.85, 'pos': 0.15, 'compound': 0.4588}",-1,18,"['ceo', 'neil', 'ogilvie', 'writes', 'painting', 'amp', 'decorating', 'associations', 'engagement', 'programme', 'coronavirus', 'ha‚Ä¶']","['ceo', 'neil', 'ogilvie', 'writes', 'painting', 'amp', 'decorating', 'associations', 'engagement', 'programme', 'coronavirus', 'ha‚Ä¶']"
41,DIY face-mask brace from ex-Apple engineer gives masks a tighter fit - Business Insider #COVID19 #coronavirus,Look behind your ankle,0.4,positive,"{'neg': 0.0, 'neu': 0.839, 'pos': 0.161, 'compound': 0.3612}",1,16,"['diy', 'facemask', 'brace', 'exapple', 'engineer', 'gives', 'masks', 'tighter', 'fit', 'business', 'insider', 'covid19', 'coronavirus']","['diy', 'facemask', 'brace', 'exapple', 'engineer', 'gives', 'masks', 'tighter', 'fit', 'business', 'insider', 'covid19', 'coronavirus']"
42,Hand washing is the single most important way to stop the spread of #COVID19 infection in your home and in our hospitals.#Its‚Ä¶,Tipperary Town,0.2761904761904762,positive,"{'neg': 0.083, 'neu': 0.717, 'pos': 0.2, 'compound': 0.4754}",1,22,"['hand', 'washing', 'single', 'important', 'way', 'stop', 'spread', 'covid19', 'infection', 'home', 'hospitalsits‚Ä¶']","['hand', 'washing', 'single', 'important', 'way', 'stop', 'spread', 'covid19', 'infection', 'home', 'hospitalsits‚Ä¶']"
43,#coronavirus update in #CentralAfricanRepublic. New cases confirmed 64. Total cases in Central African Republic con‚Ä¶,,0.10727272727272727,positive,"{'neg': 0.0, 'neu': 1.0, 'pos': 0.0, 'compound': 0.0}",1,15,"['coronavirus', 'update', 'centralafricanrepublic', 'new', 'cases', 'confirmed', '64', 'total', 'cases', 'central', 'african', 'republic', 'con‚Ä¶']","['coronavirus', 'update', 'centralafricanrepublic', 'new', 'cases', 'confirmed', '64', 'total', 'cases', 'central', 'african', 'republic', 'con‚Ä¶']"
44,My goodness keeping up the fear mongering right till the end. This #coronavirus is not #Spanishflu #hongk‚Ä¶,Northern Ireland,0.2857142857142857,positive,"{'neg': 0.227, 'neu': 0.636, 'pos': 0.136, 'compound': -0.25}",1,17,"['goodness', 'keeping', 'fear', 'mongering', 'right', 'till', 'end', 'coronavirus', 'spanishflu', 'hongk‚Ä¶']","['goodness', 'keeping', 'fear', 'mongering', 'right', 'till', 'end', 'coronavirus', 'spanishflu', 'hongk‚Ä¶']"
45,What the coronavirus pandemic looks like when you don‚Äôt have the internet READ MORE: ‚Ä¶,Worldwide,0.5,positive,"{'neg': 0.0, 'neu': 0.839, 'pos': 0.161, 'compound': 0.3612}",1,15,"['coronavirus', 'pandemic', 'looks', 'like', 'don‚Äôt', 'internet', 'read', '‚Ä¶']","['coronavirus', 'pandemic', 'looks', 'like', 'don‚Äôt', 'internet', 'read']"
46,"""Stop giving power to people who don't believe in science.' ~Harrison Ford There is no time to wait, there is no planet B‚Ä¶","Barcelona, Rep√∫blica de Catalunya",0.0,neutral,"{'neg': 0.236, 'neu': 0.679, 'pos': 0.086, 'compound': -0.4939}",-1,23,"['stop', 'giving', 'power', 'people', 'dont', 'believe', 'science', 'harrison', 'ford', 'time', 'wait', 'planet', 'b‚Ä¶']","['stop', 'giving', 'power', 'people', 'dont', 'believe', 'science', 'harrison', 'ford', 'time', 'wait', 'planet', 'b‚Ä¶']"
47,It‚Äôs fuckin‚Äô Manly not the Coronavirus that‚Äôs gonna kill me. #NRLManlyBroncos #coronavirus,"Sydney, New South Wales",0.0,neutral,"{'neg': 0.299, 'neu': 0.701, 'pos': 0.0, 'compound': -0.6908}",-1,12,"['it‚Äôs', 'fuckin‚Äô', 'manly', 'coronavirus', 'that‚Äôs', 'gonna', 'kill', 'nrlmanlybroncos', 'coronavirus']","['it‚Äôs', 'fuckin‚Äô', 'manly', 'coronavirus', 'that‚Äôs', 'gonna', 'kill', 'nrlmanlybroncos', 'coronavirus']"
48,"Sanjay Sharma, a #BJP leader of the #Delhi unit of the party, died due to #Covid19 on Thursday.#coronavirus #COVID_19 htt‚Ä¶",,-0.125,negative,"{'neg': 0.155, 'neu': 0.73, 'pos': 0.116, 'compound': -0.2263}",0,20,"['sanjay', 'sharma', 'bjp', 'leader', 'delhi', 'unit', 'party', 'died', 'due', 'covid19', 'thursdaycoronavirus', 'covid19', 'htt‚Ä¶']","['sanjay', 'sharma', 'bjp', 'leader', 'delhi', 'unit', 'party', 'died', 'due', 'covid19', 'thursdaycoronavirus', 'covid19', 'htt‚Ä¶']"
49,Impact of #coronavirus on cancer care continues as new figures show no of people assessed by a cancer doctor after referral dro‚Ä¶,York,0.13636363636363635,positive,"{'neg': 0.353, 'neu': 0.545, 'pos': 0.103, 'compound': -0.8316}",1,22,"['impact', 'coronavirus', 'cancer', 'care', 'continues', 'new', 'figures', 'show', 'people', 'assessed', 'cancer', 'doctor', 'referral', 'dro‚Ä¶']","['impact', 'coronavirus', 'cancer', 'care', 'continues', 'new', 'figures', 'show', 'people', 'assessed', 'cancer', 'doctor', 'referral', 'dro‚Ä¶']"
50,"The #BPO mayhem: #Hiring Freeze, #Salary cuts and #job layoffs, the industry stands disoriented due to #Coronavirus‚Ä¶","Gurgaon, India",-0.125,negative,"{'neg': 0.236, 'neu': 0.704, 'pos': 0.06, 'compound': -0.5423}",0,17,"['bpo', 'mayhem', 'hiring', 'freeze', 'salary', 'cuts', 'job', 'layoffs', 'industry', 'stands', 'disoriented', 'due', 'coronavirus‚Ä¶']","['bpo', 'mayhem', 'hiring', 'freeze', 'salary', 'cuts', 'job', 'layoffs', 'industry', 'stands', 'disoriented', 'due', 'coronavirus‚Ä¶']"
51,"As #NationalCarersWeek gets underway, Social Security and Older People Secretary expresses gratitude to‚Ä¶","Dunfermline, Scotland.",0.09999999999999999,positive,"{'neg': 0.0, 'neu': 0.659, 'pos': 0.341, 'compound': 0.6908}",1,13,"['nationalcarersweek', 'gets', 'underway', 'social', 'security', 'older', 'people', 'secretary', 'expresses', 'gratitude', 'to‚Ä¶']","['nationalcarersweek', 'gets', 'underway', 'social', 'security', 'older', 'people', 'secretary', 'expresses', 'gratitude', 'to‚Ä¶']"
52,The EU Blue Economy strategy presents a huge potential for our recovery from the #coronavirus pandemic.We continue to‚Ä¶,European Commission,0.13333333333333336,positive,"{'neg': 0.0, 'neu': 0.874, 'pos': 0.126, 'compound': 0.3182}",1,18,"['eu', 'blue', 'economy', 'strategy', 'presents', 'huge', 'potential', 'recovery', 'coronavirus', 'pandemicwe', 'continue', 'to‚Ä¶']","['eu', 'blue', 'economy', 'strategy', 'presents', 'huge', 'potential', 'recovery', 'coronavirus', 'pandemicwe', 'continue', 'to‚Ä¶']"
53,HUGE RESPECT‚ô•Ô∏èStay safe &amp; stay healthy..!!#informationtechnology #webdevelopment #webdesign #webdeveloper #website #digi‚Ä¶,"Sacramento, CA",0.45000000000000007,positive,"{'neg': 0.0, 'neu': 0.58, 'pos': 0.42, 'compound': 0.7592}",1,11,"['huge', 'respect‚ô•Ô∏èstay', 'safe', 'amp', 'stay', 'healthyinformationtechnology', 'webdevelopment', 'webdesign', 'webdeveloper', 'website', 'digi‚Ä¶']","['huge', 'respect‚ô•Ô∏èstay', 'safe', 'amp', 'stay', 'healthyinformationtechnology', 'webdevelopment', 'webdesign', 'webdeveloper', 'website', 'digi‚Ä¶']"
54,Exterior Things Not to Miss During a Home Video Tour #realestate #homebuyer #buyeragent #buyerbroker‚Ä¶,"Boston, MA",0.0,neutral,"{'neg': 0.0, 'neu': 0.893, 'pos': 0.107, 'compound': 0.1139}",-1,14,"['exterior', 'things', 'miss', 'home', 'video', 'tour', 'realestate', 'homebuyer', 'buyeragent', 'buyerbroker‚Ä¶']","['exterior', 'things', 'miss', 'home', 'video', 'tour', 'realestate', 'homebuyer', 'buyeragent', 'buyerbroker‚Ä¶']"
55,üî¥#Mexico #Coronavirus Map and Case Count! #TheNewYorkTimes #COVID19 #Mexique,"Paris,France. Tweets FR/EN/ES",0.0,neutral,"{'neg': 0.0, 'neu': 1.0, 'pos': 0.0, 'compound': 0.0}",-1,9,"['üî¥mexico', 'coronavirus', 'map', 'case', 'count', 'thenewyorktimes', 'covid19', 'mexique']","['üî¥mexico', 'coronavirus', 'map', 'case', 'count', 'thenewyorktimes', 'covid19', 'mexique']"
56,Innovative algorithm helps select patients in need of urgent surgery or chemotherapy during #COVID__19‚Ä¶,"Ottawa, Canada",0.5,positive,"{'neg': 0.0, 'neu': 0.601, 'pos': 0.399, 'compound': 0.743}",1,14,"['innovative', 'algorithm', 'helps', 'select', 'patients', 'need', 'urgent', 'surgery', 'chemotherapy', 'covid19‚Ä¶']","['innovative', 'algorithm', 'helps', 'select', 'patients', 'need', 'urgent', 'surgery', 'chemotherapy', 'covid19‚Ä¶']"
57,"#bbcnews The number of people being assessed by a cancer doctor after referral fell to 79,500 in April - a drop of‚Ä¶",,0.0,neutral,"{'neg': 0.273, 'neu': 0.672, 'pos': 0.055, 'compound': -0.7351}",-1,22,"['bbcnews', 'number', 'people', 'assessed', 'cancer', 'doctor', 'referral', 'fell', '79500', 'april', 'drop', 'of‚Ä¶']","['bbcnews', 'number', 'people', 'assessed', 'cancer', 'doctor', 'referral', 'fell', '79500', 'april', 'drop', 'of‚Ä¶']"
58,"#FreeMovement is a fundamental principle of the EU, crucial for many workers and businesses üá™üá∫We strongly encourage EU cou‚Ä¶","Brussels, Belgium",0.3111111111111111,positive,"{'neg': 0.0, 'neu': 0.748, 'pos': 0.252, 'compound': 0.6597}",1,19,"['freemovement', 'fundamental', 'principle', 'eu', 'crucial', 'many', 'workers', 'businesses', 'üá™üá∫we', 'strongly', 'encourage', 'eu', 'cou‚Ä¶']","['freemovement', 'fundamental', 'principle', 'eu', 'crucial', 'many', 'workers', 'businesses', 'üá™üá∫we', 'strongly', 'encourage', 'eu', 'cou‚Ä¶']"
59,"Book now for our FREE business support webinar with , as they discuss how they adjusted their marketing and implement‚Ä¶","Great Malvern, WR14 3SZ",0.4,positive,"{'neg': 0.0, 'neu': 0.716, 'pos': 0.284, 'compound': 0.7739}",1,20,"['book', 'free', 'business', 'support', 'webinar', 'discuss', 'adjusted', 'marketing', 'implement‚Ä¶']","['book', 'free', 'business', 'support', 'webinar', 'discuss', 'adjusted', 'marketing', 'implement‚Ä¶']"
60,"Series of 's from a cemetery for corona victims near #Najaf, in #Iraq#coronavirus #COVID19",,0.1,positive,"{'neg': 0.161, 'neu': 0.839, 'pos': 0.0, 'compound': -0.3182}",1,14,"['series', 'cemetery', 'corona', 'victims', 'near', 'najaf', 'iraqcoronavirus', 'covid19']","['series', 'cemetery', 'victims', 'near', 'najaf', 'iraqcoronavirus', 'covid19']"
61,"*TEXAS REPORTED 2,504 NEW #CORONAVIRUS CASES ON WEDNESDAY, ITS HIGHEST ONE-DAY TOTAL SINCE THE PANDEMIC EMERGED ‚Ä¶",,0.06818181818181818,positive,"{'neg': 0.0, 'neu': 1.0, 'pos': 0.0, 'compound': 0.0}",1,17,"['texas', 'reported', '2504', 'new', 'coronavirus', 'cases', 'wednesday', 'highest', 'oneday', 'total', 'since', 'pandemic', 'emerged', '‚Ä¶']","['texas', 'reported', '2504', 'new', 'coronavirus', 'cases', 'wednesday', 'highest', 'oneday', 'total', 'since', 'pandemic', 'emerged']"
62,PTI govt has signed Memorandum of Understanding with leading private hospitals in country to combat #coronavirus pandemi‚Ä¶,"Lahore, Pakistan",0.0,neutral,"{'neg': 0.13, 'neu': 0.87, 'pos': 0.0, 'compound': -0.34}",-1,17,"['pti', 'govt', 'signed', 'memorandum', 'understanding', 'leading', 'private', 'hospitals', 'country', 'combat', 'coronavirus', 'pandemi‚Ä¶']","['pti', 'govt', 'signed', 'memorandum', 'understanding', 'leading', 'private', 'hospitals', 'country', 'combat', 'coronavirus', 'pandemi‚Ä¶']"
63,"*TEXAS REPORTED 2,504 NEW #CORONAVIRUS CASES ON WEDNESDAY, ITS HIGHEST ONE-DAY TOTAL SINCE THE PANDEMIC EMERGED ‚Ä¶","London, UK",0.06818181818181818,positive,"{'neg': 0.0, 'neu': 1.0, 'pos': 0.0, 'compound': 0.0}",1,17,"['texas', 'reported', '2504', 'new', 'coronavirus', 'cases', 'wednesday', 'highest', 'oneday', 'total', 'since', 'pandemic', 'emerged', '‚Ä¶']","['texas', 'reported', '2504', 'new', 'coronavirus', 'cases', 'wednesday', 'highest', 'oneday', 'total', 'since', 'pandemic', 'emerged']"
64,Lockdown start date: 23 March üîí Travel quarantine measures start date: 8 June ‚úàÔ∏è If the Government knew the UK was‚Ä¶,,0.0,neutral,"{'neg': 0.0, 'neu': 1.0, 'pos': 0.0, 'compound': 0.0}",-1,21,"['lockdown', 'start', 'date', '23', 'march', 'üîí', 'travel', 'quarantine', 'measures', 'start', 'date', '8', 'june', '‚úàÔ∏è', 'government', 'knew', 'uk', 'was‚Ä¶']","['lockdown', 'start', 'date', '23', 'march', 'üîí', 'travel', 'quarantine', 'measures', 'start', 'date', '8', 'june', '‚úàÔ∏è', 'government', 'knew', 'uk', 'was‚Ä¶']"
65,This is still the first wave. We are still in the first wave. Others can debate whether we should accept 1000 deaths‚Ä¶,"Apache Junction, AZ",0.25,positive,"{'neg': 0.0, 'neu': 0.89, 'pos': 0.11, 'compound': 0.3818}",1,22,"['still', 'first', 'wave', 'still', 'first', 'wave', 'others', 'debate', 'whether', 'accept', '1000', 'deaths‚Ä¶']","['still', 'first', 'wave', 'still', 'first', 'wave', 'others', 'debate', 'whether', 'accept', '1000', 'deaths‚Ä¶']"
66,‚ÄúPost‚Äù?We are *in the midst* of the 1st wave of the #CoronavirusPandemic with 19 states now reporting a spike in new #‚Ä¶,T.O,0.13636363636363635,positive,"{'neg': 0.0, 'neu': 1.0, 'pos': 0.0, 'compound': 0.0}",1,22,"['‚Äúpost‚Äùwe', 'midst', '1st', 'wave', 'coronaviruspandemic', '19', 'states', 'reporting', 'spike', 'new', '‚Ä¶']","['‚Äúpost‚Äùwe', 'midst', '1st', 'wave', 'coronaviruspandemic', '19', 'states', 'reporting', 'spike', 'new']"
67,How #coronavirus will change sports stadiums #sports,"Washington, DC",0.0,neutral,"{'neg': 0.0, 'neu': 1.0, 'pos': 0.0, 'compound': 0.0}",-1,7,"['coronavirus', 'change', 'sports', 'stadiums', 'sports']","['coronavirus', 'change', 'sports', 'stadiums', 'sports']"
68,"Sanjay Sharma, a #BJP leader of the #Delhi unit of the party, died due to #Covid19 on Thursday.#coronavirus‚Ä¶",New Delhi,-0.125,negative,"{'neg': 0.169, 'neu': 0.704, 'pos': 0.127, 'compound': -0.2263}",0,18,"['sanjay', 'sharma', 'bjp', 'leader', 'delhi', 'unit', 'party', 'died', 'due', 'covid19', 'thursdaycoronavirus‚Ä¶']","['sanjay', 'sharma', 'bjp', 'leader', 'delhi', 'unit', 'party', 'died', 'due', 'covid19', 'thursdaycoronavirus‚Ä¶']"
69,We are backing a ‚Ç¨100 million loan agreement between and to develop #coronavirus vaccine.This is‚Ä¶,somewhere,0.0,neutral,"{'neg': 0.0, 'neu': 0.736, 'pos': 0.264, 'compound': 0.5106}",-1,15,"['backing', '‚Ç¨100', 'million', 'loan', 'agreement', 'develop', 'coronavirus', 'vaccinethis', 'is‚Ä¶']","['backing', '‚Ç¨100', 'million', 'loan', 'agreement', 'develop', 'coronavirus', 'vaccinethis', 'is‚Ä¶']"
70,"#coronavirus is hiding a dangerous reality: #ClimateChange doesn‚Äôt stop Don‚Äôt look now, but‚Ä¶",Catalunya,-0.6,negative,"{'neg': 0.455, 'neu': 0.545, 'pos': 0.0, 'compound': -0.7579}",0,13,"['coronavirus', 'hiding', 'dangerous', 'reality', 'climatechange', 'doesn‚Äôt', 'stop', 'don‚Äôt', 'look', 'but‚Ä¶']","['coronavirus', 'hiding', 'dangerous', 'reality', 'climatechange', 'doesn‚Äôt', 'stop', 'don‚Äôt', 'look', 'but‚Ä¶']"
71,"I appeared on and hammered Trump for completely bungling his response to the #CoronavirusOutbreak.""Trump is g‚Ä¶","BC, Canada(formerly, Calif)",0.1,positive,"{'neg': 0.0, 'neu': 1.0, 'pos': 0.0, 'compound': 0.0}",1,16,"['appeared', 'hammered', 'trump', 'completely', 'bungling', 'response', 'coronavirusoutbreaktrump', 'g‚Ä¶']","['appeared', 'hammered', 'trump', 'completely', 'bungling', 'response', 'coronavirusoutbreaktrump', 'g‚Ä¶']"
72,Prime Minister Benjamin will convene a meeting of the #coronavirus cabinet at the Prime Minister‚Äôs Tel Aviv‚Ä¶,California,0.0,neutral,"{'neg': 0.0, 'neu': 1.0, 'pos': 0.0, 'compound': 0.0}",-1,17,"['prime', 'minister', 'benjamin', 'convene', 'meeting', 'coronavirus', 'cabinet', 'prime', 'minister‚Äôs', 'tel', 'aviv‚Ä¶']","['prime', 'minister', 'benjamin', 'convene', 'meeting', 'coronavirus', 'cabinet', 'prime', 'minister‚Äôs', 'tel', 'aviv‚Ä¶']"
73,This is still the first wave. We are still in the first wave. Others can debate whether we should accept 1000 deaths‚Ä¶,,0.25,positive,"{'neg': 0.0, 'neu': 0.89, 'pos': 0.11, 'compound': 0.3818}",1,22,"['still', 'first', 'wave', 'still', 'first', 'wave', 'others', 'debate', 'whether', 'accept', '1000', 'deaths‚Ä¶']","['still', 'first', 'wave', 'still', 'first', 'wave', 'others', 'debate', 'whether', 'accept', '1000', 'deaths‚Ä¶']"
74,"As we're in this climate, how did get away with this racist cartoon portraying ‚Ä¶",,0.0,neutral,"{'neg': 0.268, 'neu': 0.732, 'pos': 0.0, 'compound': -0.6956}",-1,15,"['climate', 'get', 'away', 'racist', 'cartoon', 'portraying', '‚Ä¶']","['climate', 'get', 'away', 'racist', 'cartoon', 'portraying']"
75,"MEK announced #coronavirus has taken lives of more than 40,500 in 315 cities across #IranDeath toll in various provinces inclu‚Ä¶",UK,0.25,positive,"{'neg': 0.0, 'neu': 1.0, 'pos': 0.0, 'compound': 0.0}",1,20,"['mek', 'announced', 'coronavirus', 'taken', 'lives', '40500', '315', 'cities', 'across', 'irandeath', 'toll', 'various', 'provinces', 'inclu‚Ä¶']","['mek', 'announced', 'coronavirus', 'taken', 'lives', '40500', '315', 'cities', 'across', 'irandeath', 'toll', 'various', 'provinces', 'inclu‚Ä¶']"
76,"Copy of the actual #CARESAct bill which was dated Jan 3, 2020Strange. We just found out about #Coronavir‚Ä¶",,0.0,neutral,"{'neg': 0.0, 'neu': 1.0, 'pos': 0.0, 'compound': 0.0}",-1,18,"['copy', 'actual', 'caresact', 'bill', 'dated', 'jan', '3', '2020strange', 'found', 'coronavir‚Ä¶']","['copy', 'actual', 'caresact', 'bill', 'dated', 'jan', '3', '2020strange', 'found', 'coronavir‚Ä¶']"
77,"#ShahbazSharif tests POSITIVE for #coronavirus Now, all of the PMLN workers who were brought to ""escort"" him &amp; the Po‚Ä¶","Karachi, Pakistan",0.22727272727272727,positive,"{'neg': 0.0, 'neu': 0.814, 'pos': 0.186, 'compound': 0.6523}",1,20,"['shahbazsharif', 'tests', 'positive', 'coronavirus', 'pmln', 'workers', 'brought', 'escort', 'amp', 'po‚Ä¶']","['shahbazsharif', 'tests', 'positive', 'coronavirus', 'pmln', 'workers', 'brought', 'escort', 'amp', 'po‚Ä¶']"
78,Our has been interviewed by the talking about the #Covid19SupportFund and how the insuranc‚Ä¶,United Kingdom,0.0,neutral,"{'neg': 0.0, 'neu': 1.0, 'pos': 0.0, 'compound': 0.0}",-1,14,"['interviewed', 'talking', 'covid19supportfund', 'insuranc‚Ä¶']","['interviewed', 'talking', 'covid19supportfund', 'insuranc‚Ä¶']"
79,#Arizona #EssentialWorkers #families &amp; #children deserve so much better than #Koch #ALEC #TrumpPence‚Ä¶,,0.5,positive,"{'neg': 0.0, 'neu': 0.791, 'pos': 0.209, 'compound': 0.4902}",1,13,"['arizona', 'essentialworkers', 'families', 'amp', 'children', 'deserve', 'much', 'better', 'koch', 'alec', 'trumppence‚Ä¶']","['arizona', 'essentialworkers', 'families', 'amp', 'children', 'deserve', 'much', 'better', 'koch', 'alec', 'trumppence‚Ä¶']"
80,"*TEXAS REPORTED 2,504 NEW #CORONAVIRUS CASES ON WEDNESDAY, ITS HIGHEST ONE-DAY TOTAL SINCE THE PANDEMIC EMERGED ‚Ä¶",,0.06818181818181818,positive,"{'neg': 0.0, 'neu': 1.0, 'pos': 0.0, 'compound': 0.0}",1,17,"['texas', 'reported', '2504', 'new', 'coronavirus', 'cases', 'wednesday', 'highest', 'oneday', 'total', 'since', 'pandemic', 'emerged', '‚Ä¶']","['texas', 'reported', '2504', 'new', 'coronavirus', 'cases', 'wednesday', 'highest', 'oneday', 'total', 'since', 'pandemic', 'emerged']"
81,Lockdown start date: 23 March üîí Travel quarantine measures start date: 8 June ‚úàÔ∏è If the Government knew the UK was‚Ä¶,"North East, England",0.0,neutral,"{'neg': 0.0, 'neu': 1.0, 'pos': 0.0, 'compound': 0.0}",-1,21,"['lockdown', 'start', 'date', '23', 'march', 'üîí', 'travel', 'quarantine', 'measures', 'start', 'date', '8', 'june', '‚úàÔ∏è', 'government', 'knew', 'uk', 'was‚Ä¶']","['lockdown', 'start', 'date', '23', 'march', 'üîí', 'travel', 'quarantine', 'measures', 'start', 'date', '8', 'june', '‚úàÔ∏è', 'government', 'knew', 'uk', 'was‚Ä¶']"
82,So Trump is coming to Dallas today.üò≥ Texas is soaring in #coronavirus cases by the day since opening up stores an‚Ä¶,"Plano, TX",0.0,neutral,"{'neg': 0.0, 'neu': 1.0, 'pos': 0.0, 'compound': 0.0}",-1,21,"['trump', 'coming', 'dallas', 'todayüò≥', 'texas', 'soaring', 'coronavirus', 'cases', 'day', 'since', 'opening', 'stores', 'an‚Ä¶']","['trump', 'coming', 'dallas', 'todayüò≥', 'texas', 'soaring', 'coronavirus', 'cases', 'day', 'since', 'opening', 'stores', 'an‚Ä¶']"
83,"An ""expert"" says this and we all must now shut up, despite the fact that such viral entities have already been made in‚Ä¶","Maryland, USA",0.0,neutral,"{'neg': 0.0, 'neu': 1.0, 'pos': 0.0, 'compound': 0.0}",-1,23,"['expert', 'says', 'must', 'shut', 'despite', 'fact', 'viral', 'entities', 'already', 'made', 'in‚Ä¶']","['expert', 'says', 'must', 'shut', 'despite', 'fact', 'viral', 'entities', 'already', 'made', 'in‚Ä¶']"
84,"üí∂ Financial needs of EU farmers &amp; agri-food companies are significant, especially after #coronavirusüá™üá∫ EAFRD funded financial‚Ä¶",Brussels,0.125,positive,"{'neg': 0.0, 'neu': 0.893, 'pos': 0.107, 'compound': 0.2023}",1,17,"['üí∂', 'financial', 'needs', 'eu', 'farmers', 'amp', 'agrifood', 'companies', 'significant', 'especially', 'coronavirusüá™üá∫', 'eafrd', 'funded', 'financial‚Ä¶']","['üí∂', 'financial', 'needs', 'eu', 'farmers', 'amp', 'agrifood', 'companies', 'significant', 'especially', 'coronavirusüá™üá∫', 'eafrd', 'funded', 'financial‚Ä¶']"
85,"Do not kill innocent, helpless creatures for food, flavour, feather, fashion, festival, fur or fun. Be 100% Vegetar‚Ä¶",‡§Ü‡§∞‡•ç‡§Ø‡§æ‡§µ‡§∞‡•ç‡§§ . ‡§≠‡§æ‡§∞‡§§ . India . ,0.4,positive,"{'neg': 0.073, 'neu': 0.468, 'pos': 0.458, 'compound': 0.8929}",1,18,"['kill', 'innocent', 'helpless', 'creatures', 'food', 'flavour', 'feather', 'fashion', 'festival', 'fur', 'fun', '100', 'vegetar‚Ä¶']","['kill', 'innocent', 'helpless', 'creatures', 'food', 'flavour', 'feather', 'fashion', 'festival', 'fur', 'fun', '100', 'vegetar‚Ä¶']"
86,"Coronavirus Update:‚ò£Ô∏èÔ∏è Total cases: 7,482,561 (+7,352) ‚ò£Ô∏èÔ∏è‚ö†Ô∏è Current cases: 3,264,947 (-669) ‚ö†Ô∏è‚ö∞Ô∏è Deaths: 419,489 (+169) ‚ö∞Ô∏è‚Ä¶",Beyond Indus ,0.0,neutral,"{'neg': 0.0, 'neu': 1.0, 'pos': 0.0, 'compound': 0.0}",-1,16,"['coronavirus', 'update‚ò£Ô∏èÔ∏è', 'total', 'cases', '7482561', '7352', '‚ò£Ô∏èÔ∏è‚ö†Ô∏è', 'current', 'cases', '3264947', '669', '‚ö†Ô∏è‚ö∞Ô∏è', 'deaths', '419489', '169', '‚ö∞Ô∏è‚Ä¶']","['coronavirus', 'update‚ò£Ô∏èÔ∏è', 'total', 'cases', '7482561', '7352', '‚ò£Ô∏èÔ∏è‚ö†Ô∏è', 'current', 'cases', '3264947', '669', '‚ö†Ô∏è‚ö∞Ô∏è', 'deaths', '419489', '169', '‚ö∞Ô∏è‚Ä¶']"
87,RTTHE POLISH GOVERNMENT IS VIOLATING #humanrights !!!BEING LGBT+ IS NOW BANNED#coronavirus #BLACKPINKISCOMING #COVID__19 #‚Ä¶,,0.0,neutral,"{'neg': 0.282, 'neu': 0.718, 'pos': 0.0, 'compound': -0.7277}",-1,14,"['rtthe', 'polish', 'government', 'violating', 'humanrights', 'lgbt', 'bannedcoronavirus', 'blackpinkiscoming', 'covid19', '‚Ä¶']","['rtthe', 'polish', 'government', 'violating', 'humanrights', 'lgbt', 'bannedcoronavirus', 'blackpinkiscoming', 'covid19']"
88,#PopeFrancis expresses his nearness to the people of #Brazil in a telephone call to the Archbishop of Aparecida. #coronavi‚Ä¶,Berlin,0.0,neutral,"{'neg': 0.0, 'neu': 1.0, 'pos': 0.0, 'compound': 0.0}",-1,19,"['popefrancis', 'expresses', 'nearness', 'people', 'brazil', 'telephone', 'call', 'archbishop', 'aparecida', 'coronavi‚Ä¶']","['popefrancis', 'expresses', 'nearness', 'people', 'brazil', 'telephone', 'call', 'archbishop', 'aparecida', 'coronavi‚Ä¶']"
89,#NewZealand has eradicated #coronavirus,"Hamilton, Ontario",0.0,neutral,"{'neg': 0.0, 'neu': 1.0, 'pos': 0.0, 'compound': 0.0}",-1,4,"['newzealand', 'eradicated', 'coronavirus']","['newzealand', 'eradicated', 'coronavirus']"
90,Coronavirus: A sideways glance at the signs around us #photography #art #signs #context #coronavirus #theme,,0.0,neutral,"{'neg': 0.0, 'neu': 1.0, 'pos': 0.0, 'compound': 0.0}",-1,15,"['coronavirus', 'sideways', 'glance', 'signs', 'around', 'us', 'photography', 'art', 'signs', 'context', 'coronavirus', 'theme']","['coronavirus', 'sideways', 'glance', 'signs', 'around', 'us', 'photography', 'art', 'signs', 'context', 'coronavirus', 'theme']"
91,#PopeFrancis expresses his nearness to the people of #Brazil in a telephone call to the Archbishop of Aparecida. #coronavi‚Ä¶,Ovunque,0.0,neutral,"{'neg': 0.0, 'neu': 1.0, 'pos': 0.0, 'compound': 0.0}",-1,19,"['popefrancis', 'expresses', 'nearness', 'people', 'brazil', 'telephone', 'call', 'archbishop', 'aparecida', 'coronavi‚Ä¶']","['popefrancis', 'expresses', 'nearness', 'people', 'brazil', 'telephone', 'call', 'archbishop', 'aparecida', 'coronavi‚Ä¶']"
92,#PopeFrancis expresses his nearness to the people of #Brazil in a telephone call to the Archbishop of Aparecida. #coronavi‚Ä¶,,0.0,neutral,"{'neg': 0.0, 'neu': 1.0, 'pos': 0.0, 'compound': 0.0}",-1,19,"['popefrancis', 'expresses', 'nearness', 'people', 'brazil', 'telephone', 'call', 'archbishop', 'aparecida', 'coronavi‚Ä¶']","['popefrancis', 'expresses', 'nearness', 'people', 'brazil', 'telephone', 'call', 'archbishop', 'aparecida', 'coronavi‚Ä¶']"
93,EXCLUSIVE: #BillGates Negotiated $100 Billion Contact Tracing Deal With Democratic Congressman Sponsor of Bill Six Months BE‚Ä¶,,0.0,neutral,"{'neg': 0.0, 'neu': 0.878, 'pos': 0.122, 'compound': 0.3034}",-1,17,"['exclusive', 'billgates', 'negotiated', '100', 'billion', 'contact', 'tracing', 'deal', 'democratic', 'congressman', 'sponsor', 'bill', 'six', 'months', 'be‚Ä¶']","['exclusive', 'billgates', 'negotiated', '100', 'billion', 'contact', 'tracing', 'deal', 'democratic', 'congressman', 'sponsor', 'bill', 'six', 'months', 'be‚Ä¶']"
94,The #economy pressure will break the humanity : US just reported deadliest day for‚Ä¶,Catalunya,0.0,neutral,"{'neg': 0.155, 'neu': 0.845, 'pos': 0.0, 'compound': -0.296}",-1,14,"['economy', 'pressure', 'break', 'humanity', 'us', 'reported', 'deadliest', 'day', 'for‚Ä¶']","['economy', 'pressure', 'break', 'humanity', 'us', 'reported', 'deadliest', 'day', 'for‚Ä¶']"
95,"#Malaysia suspends #Hajj pilgrimage for its citizens due to the #coronavirus, and lauds #Saudi Arabia‚Äôs role in confronting‚Ä¶",ÿßŸÑŸÖŸÖŸÑŸÉÿ© ÿßŸÑÿπÿ±ÿ®Ÿäÿ© ÿßŸÑÿ≥ÿπŸàÿØŸäÿ©,-0.125,negative,"{'neg': 0.0, 'neu': 1.0, 'pos': 0.0, 'compound': 0.0}",0,18,"['malaysia', 'suspends', 'hajj', 'pilgrimage', 'citizens', 'due', 'coronavirus', 'lauds', 'saudi', 'arabia‚Äôs', 'role', 'confronting‚Ä¶']","['malaysia', 'suspends', 'hajj', 'pilgrimage', 'citizens', 'due', 'coronavirus', 'lauds', 'saudi', 'arabia‚Äôs', 'role', 'confronting‚Ä¶']"
96,Compare and contrast:üá¨üáßUK: 7 week delay in lockdown after the first #Coronavirus case was reportedüá≥üáøNew Zealand: Lock‚Ä¶,"East, England",0.25,positive,"{'neg': 0.133, 'neu': 0.867, 'pos': 0.0, 'compound': -0.3182}",1,17,"['compare', 'contrastüá¨üáßuk', '7', 'week', 'delay', 'lockdown', 'first', 'coronavirus', 'case', 'reportedüá≥üáønew', 'zealand', 'lock‚Ä¶']","['compare', 'contrastüá¨üáßuk', '7', 'week', 'delay', 'lockdown', 'first', 'coronavirus', 'case', 'reportedüá≥üáønew', 'zealand', 'lock‚Ä¶']"
97,"UK tech companies raised $5.3bn from Jan-May 2020, more than the rest of Europe combined üí™- according to &amp; ‚Ä¶","Washington, DC",0.5,positive,"{'neg': 0.0, 'neu': 1.0, 'pos': 0.0, 'compound': 0.0}",1,20,"['uk', 'tech', 'companies', 'raised', '53bn', 'janmay', '2020', 'rest', 'europe', 'combined', 'üí™', 'according', 'amp', '‚Ä¶']","['uk', 'tech', 'companies', 'raised', '53bn', 'janmay', '2020', 'rest', 'europe', 'combined', 'üí™', 'according', 'amp']"
98,"Despite #coronavirus lockdowns slowing daily carbon emissions worldwide, our CO2 levels are still on the rise. https:‚Ä¶","Caracas, Venezuela",0.0,neutral,"{'neg': 0.0, 'neu': 1.0, 'pos': 0.0, 'compound': 0.0}",-1,17,"['despite', 'coronavirus', 'lockdowns', 'slowing', 'daily', 'carbon', 'emissions', 'worldwide', 'co2', 'levels', 'still', 'rise', 'https‚Ä¶']","['despite', 'coronavirus', 'lockdowns', 'slowing', 'daily', 'carbon', 'emissions', 'worldwide', 'co2', 'levels', 'still', 'rise', 'https‚Ä¶']"
99,#BanegaSwasthIndia | Confused about which mask you should wear and when? Here is a quick guide by the World Health Org‚Ä¶,"Uttar Pradesh, India",-0.033333333333333354,negative,"{'neg': 0.113, 'neu': 0.887, 'pos': 0.0, 'compound': -0.3182}",0,21,"['banegaswasthindia', 'confused', 'mask', 'wear', 'quick', 'guide', 'world', 'health', 'org‚Ä¶']","['banegaswasthindia', 'confused', 'mask', 'wear', 'quick', 'guide', 'world', 'health', 'org‚Ä¶']"
